query_id,group,query,expected,expected_rank,hit_at_1,hit_at_3,reciprocal_rank,top3
ko_doc_1,ko_doc,저장 성공 응답을 커밋 전과 후 중 언제 반환해야 해?,doc_commit,1,1,1,1.0,"[{""id"": ""doc_commit"", ""score"": 0.8617419004440308}, {""id"": ""doc_size"", ""score"": 0.3901355266571045}, {""id"": ""java_create"", ""score"": 0.3404882848262787}]"
ko_doc_2,ko_doc,한글 업로드 제한은 글자 수로 검사해도 되나?,doc_size,1,1,1,1.0,"[{""id"": ""doc_size"", ""score"": 0.7529864311218262}, {""id"": ""python_append"", ""score"": 0.292060911655426}, {""id"": ""doc_commit"", ""score"": 0.2890750467777252}]"
ko_java,ko_code,Java에서 같은 ID가 이미 있으면 예외를 내고 새 레코드를 저장하는 코드를 찾아줘.,java_create,1,1,1,1.0,"[{""id"": ""java_create"", ""score"": 0.6785483360290527}, {""id"": ""java_delete"", ""score"": 0.4337986707687378}, {""id"": ""doc_commit"", ""score"": 0.3934580683708191}]"
en_java,en_code,Find Java code that rejects an existing ID with an exception before saving a new record.,java_create,1,1,1,1.0,"[{""id"": ""java_create"", ""score"": 0.6499940156936646}, {""id"": ""java_delete"", ""score"": 0.5117466449737549}, {""id"": ""doc_commit"", ""score"": 0.41868242621421814}]"
ko_atomic,ko_code,Python에서 임시 파일에 쓴 다음 기존 파일을 원자적으로 교체하는 코드를 찾아줘.,python_atomic,1,1,1,1.0,"[{""id"": ""python_atomic"", ""score"": 0.6983327865600586}, {""id"": ""python_append"", ""score"": 0.48164236545562744}, {""id"": ""ts_save"", ""score"": 0.26843026280403137}]"
en_atomic,en_code,Find Python code that writes to a temporary file and then atomically replaces the destination file.,python_atomic,1,1,1,1.0,"[{""id"": ""python_atomic"", ""score"": 0.7662138938903809}, {""id"": ""python_append"", ""score"": 0.49908819794654846}, {""id"": ""ts_save"", ""score"": 0.26369205117225647}]"
ko_ts,ko_code,TypeScript에서 객체를 JSON 문자열로 바꿔 브라우저 저장소에 넣는 코드를 찾아줘.,ts_save,1,1,1,1.0,"[{""id"": ""ts_save"", ""score"": 0.6132459044456482}, {""id"": ""ts_load"", ""score"": 0.4487740099430084}, {""id"": ""doc_commit"", ""score"": 0.302687406539917}]"
en_ts,en_code,Find TypeScript code that serializes an object as JSON and saves it in browser storage.,ts_save,1,1,1,1.0,"[{""id"": ""ts_save"", ""score"": 0.6618338823318481}, {""id"": ""ts_load"", ""score"": 0.5318094491958618}, {""id"": ""doc_commit"", ""score"": 0.2978743016719818}]"
ko_mean,ko_code,Python에서 리스트의 산술 평균을 구하고 빈 리스트면 0을 반환하는 코드를 찾아줘.,python_mean,1,1,1,1.0,"[{""id"": ""python_mean"", ""score"": 0.7423480749130249}, {""id"": ""python_median"", ""score"": 0.5438016057014465}, {""id"": ""python_append"", ""score"": 0.1784781515598297}]"
en_mean,en_code,Find Python code that computes the arithmetic mean of a list and returns zero for an empty list.,python_mean,1,1,1,1.0,"[{""id"": ""python_mean"", ""score"": 0.7094382047653198}, {""id"": ""python_median"", ""score"": 0.5718492269515991}, {""id"": ""python_atomic"", ""score"": 0.14616312086582184}]"
